<?xml version="1.0" encoding="UTF-8"?>
<form>
		<fields name="params">
			<fieldset name="advanced">
				<field
					name="dev_opts"
					type="radio"
					label="XMLSHARED_DEV_OPTS"
					description="XMLSHARED_DEV_OPTS_DESCR"
					default="0"
					layout="joomla.form.field.radio.switcher"
					filter="boolean"
					>
					<option value="0">JNO</option>
					<option value="1">JYES</option>
				</field>
				<field
					name="debug_messages"
					type="radio"
					label="XMLSHARED_DEBUG_ADMIN"
					description="XMLSHARED_DEBUG_ADMIN_DESCR"
					default="0"
					layout="joomla.form.field.radio.switcher"
					filter="boolean"
					showon="dev_opts:1"
					>
					<option value="0">JNO</option>
					<option value="1">JYES</option>
				</field>
				<field
					name="debug_messages_site"
					type="radio"
					label="XMLSHARED_DEBUG_SITE"
					description="XMLSHARED_DEBUG_SITE_DESCR"
					default="0"
					layout="joomla.form.field.radio.switcher"
					filter="boolean"
					showon="dev_opts:1"
					>
					<option value="0">JNO</option>
					<option value="1">JYES</option>
				</field>
			</fieldset>
		</fields>
</form>
