<?xml version="1.0" encoding="UTF-8"?>
<form>
		<fields name="params">
			<fieldset name="advanced">
				<field
					name="dev_opts"
					type="radio"
					label="dev_opts"
					description="dev_opts"
					default="0"
					layout="joomla.form.field.radio.switcher"
					filter="boolean"
					>
					<option value="0">JNO</option>
					<option value="1">JYES</option>
				</field>
				<field
					name="factory_html"
					type="radio"
					label="factory_html"
					description="factory_html"
					default="0"
					layout="joomla.form.field.radio.switcher"
					filter="boolean"
					showon="dev_opts:1"
					>
					<option value="0">JNO</option>
					<option value="1">JYES</option>
				</field>
				<field
					name="debug_messages"
					type="radio"
					label="CFG_DEBUG_MESSAGES"
					description="CFG_DEBUG_MESSAGES_DESCR"
					default="0"
					layout="joomla.form.field.radio.switcher"
					filter="boolean"
					showon="dev_opts:1"
					>
					<option value="0">JNO</option>
					<option value="1">JYES</option>
				</field>
				<field
					name="debug_messages_site"
					type="radio"
					label="CFG_DEBUG_MESSAGES_SITE"
					description="CFG_DEBUG_MESSAGES_SITE_DESCR"
					default="0"
					layout="joomla.form.field.radio.switcher"
					filter="boolean"
					showon="dev_opts:1"
					>
					<option value="0">JNO</option>
					<option value="1">JYES</option>
				</field>
				<field
					name="subthemes_rescan"
					type="radio"
					label="CFG_SUBTHEMES_RESCAN"
					description="CFG_SUBTHEMES_RESCAN_DESCR"
					default="1"
					layout="joomla.form.field.radio.switcher"
					filter="boolean"
					showon="dev_opts:1"
					>
					<option value="0">JNO</option>
					<option value="1">JYES</option>
				</field>
			</fieldset>
		</fields>
</form>
